name,iso_code3,iso_code2,name_1,name_2,
Afghanistan,AFG,AF,,,
Albania,ALB,AL,,,
Algeria,DZA,DZ,,,
Andorra,AND,AD,,,
Angola,AGO,AO,,,
Antigua and Barbuda,ATG,AG,,,
Argentina,ARG,AR,,,
Armenia,ARM,AM,,,
Australia,AUS,AU,,,
Austria,AUT,AT,,,
Azerbaijan,AZE,AZ,,,
Bahamas,BHS,BS,,,
Bahrain,BHR,BH,,,
Bangladesh,BGD,BD,,,
Barbados,BRB,BB,,,
Belarus,BLR,BY,,,
Belgium,BEL,BE,,,
Belize,BLZ,BZ,,,
Benin,BEN,BJ,,,
Bhutan,BTN,BT,,,
Bolivia,BOL,BO,,,
Bosnia and Herzegovina,BIH,BA,Bosnia & Herzegovina,,
Botswana,BWA,BW,,,
Brazil,BRA,BR,,,
Brunei,BRN,BN,,,
Bulgaria,BGR,BG,,,
Burkina Faso,BFA,BF,,,
Burundi,BDI,BI,,,
Cambodia,KHM,KH,,,
Cameroon,CMR,CM,,,
Canada,CAN,CA,,,
Cape Verde,CPV,CV,,,
Central African Republic,CAF,CF,,,
Chad,TCD,TD,,,
Chile,CHL,CL,,,
China,CHN,CN,,,
Colombia,COL,CO,,,
Comoros,COM,KM,,,
Republic of Congo,COG,CG,"Congo, Rep.",Congo (Brazzaville),
Democratic Republic of the Congo,COD,CD,"Congo, Dem. Rep.","Congo, Democratic Republic of the",
Cook Islands,COK,CK,,,
Costa Rica,CRI,CR,,,
Côte d'Ivoire,CIV,CI,,,
Croatia,HRV,HR,,,
Cuba,CUB,CU,,,
Cyprus,CYP,CY,,,
Czech Republic,CZE,CZ,Czechia,,
Denmark,DNK,DK,,,
Djibouti,DJI,DJ,,,
Dominica,DMA,DM,,,
Dominican Republic,DOM,DO,,,
Ecuador,ECU,EC,,,
Egypt,EGY,EG,,,
El Salvador,SLV,SV,,,
Equatorial Guinea,GNQ,GQ,,,
Eritrea,ERI,ER,,,
Estonia,EST,EE,,,
Ethiopia,ETH,ET,,,
Fiji,FJI,FJ,,,
Finland,FIN,FI,,,
France,FRA,FR,,,
Gabon,GAB,GA,,,
Gambia,GMB,GM,"Gambia, The",,
Georgia,GEO,GE,,,
Germany,DEU,DE,,,
Ghana,GHA,GH,,,
Greece,GRC,GR,,,
Grenada,GRD,GD,,,
Guatemala,GTM,GT,,,
Guinea,GIN,GN,,,
Guinea-Bissau,GNB,GW,,,
Guyana,GUY,GY,,,
Haiti,HTI,HT,,,
Holy See,VAT,VT,,,
Honduras,HND,HN,,,
Hungary,HUN,HU,,,
Iceland,ISL,IS,,,
India,IND,IN,,,
Indonesia,IDN,ID,,,
Iran,IRN,IR,"Iran, Islamic Republic of",,
Iraq,IRQ,IQ,,,
Ireland,IRL,IE,,,
Israel,ISR,IL,,,
Italy,ITA,IT,,,
Jamaica,JAM,JM,,,
Japan,JPN,JP,,,
Jordan,JOR,JO,,,
Kazakhstan,KAZ,KZ,,,
Kenya,KEN,KE,,,
Kiribati,KIR,KI,,,
North Korea,PRK,KP,"Korea, Dem. Rep. (North)","Korea, Democratic People's Republic of",
South Korea,KOR,KR,"Korea, Rep. (South)","Korea, Republic of",KOREA
Kuwait,KWT,KW,,,
Kyrgyzstan,KGZ,KG,,,
Laos,LAO,LA,Lao PDR,,
Latvia,LVA,LV,,,
Lebanon,LBN,LB,,,
Lesotho,LSO,LS,,,
Liberia,LBR,LR,,,
Libya,LBY,LY,,,
Liechtenstein ,LIE,LI,,,
Lithuania,LTU,LT,,,
Luxembourg,LUX,LU,,,
Macedonia,MKD,MK,"Macedonia, Republic of","Macedonia, FYR",
Madagascar,MDG,MG,,,
Malawi,MWI,MW,,,
Malaysia,MYS,MY,,,
Maldives,MDV,MV,,,
Mali,MLI,ML,,,
Malta,MLT,MT,,,
Marshall Islands,MHL,MH,,,
Mauritania,MRT,MR,,,
Mauritius,MUS,MU,,,
Mexico,MEX,MX,,,
Micronesia,FSM,FM,"Micronesia, Federated States of",,
Moldova,MDA,MD,,,
Monaco,MCO,MC,,,
Mongolia,MNG,MN,,,
Montenegro,MNE,ME,,,
Morocco,MAR,MA,,,
Mozambique,MOZ,MZ,,,
Myanmar,MMR,MM,,,
Namibia,NAM,NA,,,
Nauru,NRU,NR,,,
Nepal,NPL,NP,,,
Netherlands,NLD,NL,,,
New Zealand,NZL,NZ,,,
Nicaragua,NIC,NI,,,
Niger,NER,NE,,,
Nigeria,NGA,NG,,,
Niue,NIU,NU,,,
Norway,NOR,NO,,,
Oman,OMN,OM,,,
Pakistan,PAK,PK,,,
Palau,PLW,PW,,,
Panama,PAN,PA,,,
Papua New Guinea,PNG,PG,,,
Paraguay,PRY,PY,,,
Peru,PER,PE,,,
Philippines,PHL,PH,,,
Poland,POL,PL,,,
Portugal,PRT,PT,,,
Qatar,QAT,QA,,,
Romania,ROU,RO,,,
Russia,RUS,RU,Russian Federation,,
Rwanda,RWA,RW,,,
Saint Kitts and Nevis,KNA,KN,Saint Kitts & Nevis,,
Saint Lucia,LCA,LC,,,
Saint Vincent and the Grenadines,VCT,VC,Saint Vincent & Grenadines,,
Samoa,WSM,WS,,,
San Marino,SMR,SM,,,
Sao Tome and Principe,STP,ST,Sao Tome & Principe,,
Saudi Arabia,SAU,SA,,,
Senegal,SEN,SN,,,
Serbia,SRB,RS,,,
Seychelles,SYC,SC,,,
Sierra Leone,SLE,SL,,,
Singapore,SGP,SG,,,
Slovakia,SVK,SK,SLOVAK REPUBLIC,,
Slovenia,SVN,SI,,,
Solomon Islands,SLB,SB,,,
Somalia,SOM,SO,,,
South Africa,ZAF,ZA,,,
South Sudan,SSD,SS,,,
Spain,ESP,ES,,,
Sri Lanka,LKA,LK,,,
Sudan,SDN,SD,,,
Suriname,SUR,SR,,,
Eswatini,SWZ,SZ,,,
Sweden,SWE,SE,,,
Switzerland,CHE,CH,,,
Syria,SYR,SY,Syrian Arab Republic (Syria),,
Tajikistan,TJK,TJ,,,
Tanzania,TZA,TZ,,,
Thailand,THA,TH,,,
Timor-Leste,TLS,TL,,,
Togo,TGO,TG,,,
Tonga,TON,TO,,,
Trinidad and Tobago,TTO,TT,,,
Tunisia,TUN,TN,,,
Türkiye,TUR,TR,,,
Turkmenistan,TKM,TM,,,
Tuvalu,TUV,TV,,,
Uganda,UGA,UG,,,
Ukraine,UKR,UA,,,
United Arab Emirates,ARE,AE,,,
United Kingdom,GBR,GB,,,
United States,USA,US,,,
Uruguay,URY,UY,,,
Uzbekistan,UZB,UZ,,,
Vanuatu,VUT,VU,,,
Venezuela,VEN,VE,Venezuela (Bolivarian Republic of),,
Vietnam,VNM,VN,,,
Yemen,YEM,YE,,,
Zambia,ZMB,ZM,,,
Zimbabwe,ZWE,ZW,,,
Palestine,PSE,PS,,,